block,criterion,tier,rating,rationale
Perceivable,1.1.1 Text alternative for non-text content,clinician,Partial,"Every number is burned into the PNG and this is the only tier with no text sibling — tier_asha_*.txt and tier_mother_*_hi.txt exist, tier_clinician_*.txt does not; the nearest machine-readable form is shap_case_contributions.csv, which is data, not a caption."
Perceivable,1.1.1 Text alternative for non-text content,ASHA,Pass,"`results/tables/tier_asha_<case>.txt` reproduces the card verbatim — the band label, the driver list (empty on a routine card, as on the PNG), next step, accountability line, disclaimer — so nothing on the PNG is image-only."
Perceivable,1.1.1 Text alternative for non-text content,mother,Partial,"The spoken line has a deterministic transcript on disk (`tier_mother_<case>_hi.txt`), but render_mother() draws three ellipses and nothing else: no caption is rendered, so a deaf or hard-of-hearing viewer gets no text alternative in the artifact she is handed."
Perceivable,1.4.1 Use of colour (colour not the only cue),clinician,Pass,"Bar direction plus a signed numeric label carries every SHAP sign without hue (BS +0.204, DiastolicBP -0.024 on boundary_mid); probability bars are labelled with class name and value, so the green/amber/red fill is redundant."
Perceivable,1.4.1 Use of colour (colour not the only cue),ASHA,Pass,"The header text states the level itself — 'LOW — routine care', 'ELEVATED — needs follow-up', 'HIGH — needs follow-up' — one distinct string per band, asserted distinct by a self-check in render.py. Hue restates it and nothing more; render the card in greyscale and no information is lost."
Perceivable,1.4.1 Use of colour (colour not the only cue),mother,Partial,"Hue is the primary cue. Two redundancies verified: lamp POSITION is fixed (red top / amber middle / green bottom) and lit-vs-unlit differs by 3.97:1 in luminance, so which lamp is lit survives colour-vision deficiency; the spoken Hindi line is a second non-colour channel. Residual gap: a viewer who is both colour-blind and deaf has position only, and position assumes the traffic-light convention."
Perceivable,1.4.3 Contrast (minimum),clinician,Pass,"Text is matplotlib near-black on white; the smallest element, the 8pt italic disclaimer at #555, measures 7.46:1. Bar fills measure 3.91:1 and 3.45:1 against white, clearing the 3:1 non-text threshold (1.4.11)."
Perceivable,1.4.3 Contrast (minimum),ASHA,Pass,"Header ink is now chosen per band by render.text_on(), which compares both candidates against the band colour: near-black on amber 8.23:1, near-black on green 5.14:1, white on red 5.54:1. Worst case 5.14:1 clears the 4.5:1 normal-text minimum, not merely the 3:1 large-text one. Previously white was hardcoded and the amber header — the most common state — measured 2.12:1."
Perceivable,1.4.3 Contrast (minimum),mother,Pass,"No text to contrast. The perceivable object is the lit lamp, which measures 6.69:1 against the #2b2b2b housing. Caveat named honestly: the unlit lamps sit at 1.68:1 against the housing, so on a low-fidelity print or a dim screen the three-lamp layout that carries the position cue may read as one lamp on a dark slab."
Perceivable,1.4.5 Images of text,clinician,Fail,"Titles, axis labels, the probability values and the raw-value table are all rasterised at 150 dpi: text cannot be resized, reflowed, restyled or selected, and no text sibling exists."
Perceivable,1.4.5 Images of text,ASHA,Partial,"The card itself is an image of text and fails as rendered, but the verbatim .txt sibling gives a deployment a conforming, restylable source for every string on it."
Perceivable,1.4.5 Images of text,mother,Pass,Vacuously — the visual contains no text at all. Note the tension: the same design choice that clears 1.4.5 here is what makes 1.1.1 Partial above.
Operable,"2.1 / 2.4 Keyboard, focus order, navigation",clinician,Deferred,"Static PNG with no controls. Keyboard operability and focus order are properties of the dashboard that would embed this figure — relevant at deployment, not exercisable here."
Operable,"2.1 / 2.4 Keyboard, focus order, navigation",ASHA,Deferred,"Static card. Navigation, dismissal and re-display belong to the host app (an ANMOL-style Android form) — relevant at deployment."
Operable,"2.1 / 2.4 Keyboard, focus order, navigation",mother,Deferred,"Relevant at deployment and non-trivial: an IVR delivery must offer repeat-the-message and must not time out (2.2.1). A one-shot MP3 file cannot exercise either, and we do not claim a rating it cannot earn."
Understandable,3.1.1 / 3.1.2 Language of page and of parts,clinician,Pass,"Single language throughout (English), consistent across all four cases, matching the tier's stated reader."
Understandable,3.1.1 / 3.1.2 Language of page and of parts,ASHA,Partial,"English only, as a scoped exposition choice rather than a claim about deployment. This tier's contribution is cognitive-load reduction — less detail, one action — and its localisation is fixed-string substitution: every user-facing string is a constant (PLAIN_NAMES, ASHA_NEXT_STEP, ASHA_FOOTER) with no generation at inference, so there is nothing to translate that a translator could not translate once. Language is central in the mother tier, where a non-reading user forces a modality substitution; here it is incidental. Rated Partial because a Hindi-first ASHA still cannot read this card today."
Understandable,3.1.1 / 3.1.2 Language of page and of parts,mother,Pass,"Hindi text with a matching Hindi TTS voice (lang='hi'), and no language-of-parts problem left in it: the one Latin-script token, the acronym 'ANM', is now written phonetically in Devanagari (ए-एन-एम) so the Hindi engine voices it rather than guessing. Strings authored and clinically reviewed by a native-speaking MBBS collaborator, not machine-translated."
Understandable,3.1.5 Reading level / plain language,clinician,Partial,"Deliberately technical — 'SHAP waterfall', 'base E[f(x)] = 0.250' — which is correct for a trained reader but fails the letter of 3.1.5, since the tier carries no simpler supplement of its own. The supplement exists: it is the other two tiers. That is the architecture's point."
Understandable,3.1.5 Reading level / plain language,ASHA,Partial,"Short sentences and field vocabulary via the fixed PLAIN_NAMES map ('raised blood sugar', not a clinical term). Above plain register: the header word 'ELEVATED' and the phrase 'medical officer', both of which a lower-literacy reader may stumble on."
Understandable,3.1.5 Reading level / plain language,mother,Pass,"One spoken Hindi sentence, no number, no percentage, no condition named, ending in an action ('please get checked at your ANM or the nearest health centre soon'). Requires no literacy of any kind — the only tier of the three that does not."
Understandable,3.2.4 Consistent identification,clinician,Pass,"Class colours (green/amber/red for low/mid/high) are the same palette the other tiers use, and identical across all four cases."
Understandable,3.2.4 Consistent identification,ASHA,Pass,"One band_for() call per case now drives the card header and the mother's lamp, so the two tiers cannot disagree: confident_high is RED in both, boundary_mid and failure_mode AMBER in both, confident_low GREEN in both. The card's header names the level in words, so the shared identity is legible and not merely chromatic."
Understandable,3.2.4 Consistent identification,mother,Pass,"Three bands mapped consistently to the shared palette; the same band always renders the same lamp and the same sentence (boundary_mid and failure_mode produce byte-identical Hindi text, as they should)."
Robust,"4.1.2 Name, role, value",clinician,Deferred,"PNG and MP3 carry no programmatic semantics; assistive-technology exposure is a property of the host app. Noted for deployment: this tier ships no accessible string, so an implementer has to author one."
Robust,"4.1.2 Name, role, value",ASHA,Deferred,Same — but the .txt sibling hands a deployment a ready accessible name/value for the card.
Robust,"4.1.2 Name, role, value",mother,Deferred,Same — the Hindi transcript is the ready accessible string; the lamp itself has no role or state exposed and would need one in an app.
Nielsen,1. Visibility of system status,clinician,Pass,"Shows true class, predicted class, all three probabilities to three decimals, the base value and f(x). On boundary_mid the reader sees 0.487 vs 0.499 and knows immediately that the call is a coin flip."
Nielsen,1. Visibility of system status,ASHA,Pass,"Since banding was unified, the card inherits the mother tier's uncertainty rule and states the result of it in words: confident_high (margin 1.000) heads 'HIGH — needs follow-up' while boundary_mid (margin 0.012) heads 'ELEVATED — needs follow-up', so the person making the referral can tell a confident call from a knife-edge one. The margin itself is still not printed — deliberately, since the card is the tier that must not turn into a probability read-out."
Nielsen,1. Visibility of system status,mother,Pass,"Status is exactly one lamp, and model uncertainty is what chooses it (see error prevention). By design the tier reports an action, not a state — which is the right 'status' for it."
Nielsen,2. Match between system and the real world,clinician,Pass,"Raw clinical units on the axis (BS = 9, BodyTemp = 102, SystolicBP = 85), not model-space values — the final model uses no scaler, so the waterfall reads in the clinician's own units."
Nielsen,2. Match between system and the real world,ASHA,Pass,"Phrasing matches field speech, and a deadband of 0.25 IQR around the clean-set median now gates the direction word: a reading inside it is named plainly ('blood sugar'), only a reading outside it is called 'raised' or 'low'. BS 7.7 against a 7.5 median no longer reads as a concern; BS 9.0 on boundary_mid and 15.0 on confident_high still do. BodyTemp's IQR is 0 on the clean set, so 102F is flagged as raised, which is the right behaviour. Age carries its own direction pair — failure_mode reads 'young age' for a 13-year-old, not 'low age', which is not something a health worker would say."
Nielsen,2. Match between system and the real world,mother,Pass,"A traffic light is a near-universal metaphor, and the sentence names the real institutions in her world — her ANM, the nearest health centre — and opens by telling her not to panic, which is how the news would be delivered in person."
Nielsen,4. Consistency and standards,clinician,Pass,"Layout, palette and label conventions are identical across all four rendered cases; the figure is generated by one code path with no per-case special-casing."
Nielsen,4. Consistency and standards,ASHA,Pass,"The heading now follows the band rather than being fixed text: an elevated card reads 'What the model flagged for follow-up:' and lists drivers, while the routine card reads 'No specific risk factors flagged.' and lists none. The next step follows too — routine cards say continue antenatal care and share the readings at the next scheduled visit, not arrange a check-up. No sentence now means opposite things on different cards."
Nielsen,4. Consistency and standards,mother,Pass,"One image and one sentence per band, fixed; nothing varies between cases that share a band."
Nielsen,5. Error prevention,clinician,Pass,"The tier surfaces its own failure rather than hiding it: on failure_mode the waterfall shows BodyTemp +0.216 driving a high-risk call in a 13-year-old while blood sugar argues against it, and true vs predicted are both printed in the title. A reader can catch the spurious flag from the figure alone."
Nielsen,5. Error prevention,ASHA,Pass,"Strong on accountability — nothing is a diagnosis, the footer returns the referral decision to the human, the next step carries no medical timeframe — and the sign defect is closed: top_drivers() keeps only positive contributions to the predicted class and ranks by signed value. Verified on failure_mode, where BS (-0.085, arguing AGAINST high risk) is no longer listed despite its magnitude; the card now shows BodyTemp (+0.216) and Age (+0.056), the two features actually driving the call."
Nielsen,5. Error prevention,mother,Pass,"The uncertainty-aware down-ranking is a genuine control, not a cosmetic one: RED requires predicted-high AND a top-2 margin >= 0.15, so boundary_mid (0.012) and failure_mode (0.002) both light AMBER. failure_mode is a true-low case, so the rule demonstrably suppressed a false red alarm to a mother. This is the strongest single design decision in the three tiers."
Nielsen,6. Recognition rather than recall,clinician,Partial,The waterfall assumes recalled SHAP conventions: nothing on the figure states that red pushes toward the predicted class or what 'base E[f(x)]' is. One legend line would close it.
Nielsen,6. Recognition rather than recall,ASHA,Pass,"Everything needed to act is on the card — band, the two drivers, the next step, who decides. Nothing has to be remembered from a previous screen or a training session."
Nielsen,6. Recognition rather than recall,mother,Partial,"The lamp requires recalling the traffic-light convention, and nothing on the image explains it. Recognition is restored only by the audio, which is a separate channel and may not be co-present with the picture."
Nielsen,8. Aesthetic and minimalist design,clinician,Partial,"Three panels, no chrome, every element carrying data — but the raw-value table repeats the values already printed on the waterfall's y-axis labels ('BS = 9' and 'BS | 9'). Minor, and the only redundancy in the tier."
Nielsen,8. Aesthetic and minimalist design,ASHA,Pass,"Five elements: band, two drivers, action, accountability line, disclaimer. Nothing on the card can be removed without losing something the ASHA needs."
Nielsen,8. Aesthetic and minimalist design,mother,Pass,Three circles on a housing. There is nothing left to strip — though see help and documentation for what that minimalism costs.
Nielsen,10. Help and documentation,clinician,Partial,"The disclaimer is present on the figure, but there is no legend, no method note and no pointer to how the case was selected; the reader has to go to the repository."
Nielsen,10. Help and documentation,ASHA,Pass,"The card carries both the accountability line and the full disclaimer, so the person acting on it is told what it is and who decides."
Nielsen,10. Help and documentation,mother,Partial,"`tier_mother_<case>_hi.txt` now carries a provenance block — case, band and the full disclaimer — under a '(written, not spoken)' rule, so the artifact set is self-describing and a deployment inherits the text it must show. The gap that remains is real and deliberate: neither the image nor the audio carries it, so a mother handed lamp plus voice still has no route to help beyond 'go to the ANM'. A one-time spoken IVR framing at call setup is the deployment answer; appending it to every message was rejected as it would bury the one action the tier exists to deliver."
